limit_max,tolerance,rolls,spread,n_trials,mean_score,median_score,min_score,max_score,p10_score,p90_score,score_std,mean_ms,median_ms,p90_ms,max_ms,n_chords
17,1,0,0,1,5162.814990512334,5071.0,3021.0,6178.0,5056.0,6122.0,0.0,0.033393280445357686,0.027001951821148396,0.049322471022605896,0.05784304812550545,2108
17,1,1,0,1,295.88187855787476,45.0,21.0,2107.0,43.0,1088.0,0.0,0.8256894168483109,0.2455690409988165,2.251370786689224,4.732678993605077,2108
17,1,5,0,1,293.96157495256165,45.0,21.0,2107.0,43.0,1088.0,0.0,2.019431711049328,0.8689449168741703,6.483482779003684,11.246390058659017,2108
17,1,8,0,1,293.96157495256165,45.0,21.0,2107.0,43.0,1088.0,0.0,2.342920748702511,1.2828669277951121,6.983076571486891,12.296263012103736,2108
17,2,0,0,1,3531.410815939279,3071.0,21.0,6178.0,3056.0,5122.0,0.0,0.03357090968258527,0.02716807648539543,0.04981101956218481,0.05689298268407583,2108
17,2,1,0,1,285.8795066413662,45.0,21.0,2121.0,43.0,1088.0,0.0,0.9216589513285106,0.4592629848048091,2.4268614128232007,4.863420967012644,2108
17,2,5,0,1,247.5056925996205,45.0,21.0,2121.0,43.0,1088.0,0.0,2.161516240011959,0.9075929410755634,6.960161472670735,11.924767051823437,2108
17,2,8,0,1,247.5056925996205,45.0,21.0,2121.0,43.0,1088.0,0.0,2.4437035400686518,1.3296519173309207,7.3317071888595855,12.095674988813698,2108
17,3,0,0,1,3334.0673624288424,3071.0,21.0,5110.0,3056.0,4122.0,0.0,0.0336115162692168,0.027079018764197826,0.04983781836926937,0.06013794336467981,2108
17,3,1,0,1,192.561669829222,45.0,21.0,2089.0,43.0,140.0,0.0,0.9488591557873988,0.4735770635306835,2.4889271939173345,4.906988004222512,2108
17,3,5,0,1,106.22865275142316,45.0,21.0,2059.0,43.0,88.0,0.0,2.2015199565528785,0.9134819265455008,6.898846500553191,12.034698971547186,2108
17,3,8,0,1,106.22865275142316,45.0,21.0,2059.0,43.0,88.0,0.0,2.523188768675839,1.349346013739705,7.486252067610622,12.280158000066876,2108
17,4,0,0,1,3011.96110056926,3056.0,21.0,5045.0,2099.0,4073.0,0.0,0.03354453734968569,0.026986002922058105,0.050022988580167294,0.055718934163451195,2108
17,4,1,0,1,176.68026565464896,45.0,21.0,2089.0,43.0,1052.0,0.0,0.9487920154516651,0.4773770924657583,2.5437989970669164,5.113732069730759,2108
17,4,5,0,1,134.25426944971537,45.0,21.0,2059.0,43.0,95.59999999999991,0.0,2.1762602100549056,0.8995209354907274,6.930469372309744,12.801362085156143,2108
17,4,8,0,1,134.25426944971537,45.0,21.0,2059.0,43.0,95.59999999999991,0.0,2.5113792927870873,1.3162249233573675,7.488621561788025,14.2836730228737,2108
19,1,0,0,1,5228.557874762809,5135.0,3021.0,6222.0,5111.0,6178.0,0.0,0.03364480015042485,0.027199042961001396,0.050079612992703915,0.05866400897502899,2108
19,1,1,0,1,272.6484819734345,45.0,21.0,2125.0,43.0,1088.0,0.0,0.8624741907644065,0.2514519728720188,2.360108541324738,4.720267956145108,2108
19,1,5,0,1,272.6484819734345,45.0,21.0,2125.0,43.0,1088.0,0.0,2.1555312780052924,0.8985260501503944,6.689717527478934,51.081525976769626,2108
19,1,8,0,1,272.6484819734345,45.0,21.0,2125.0,43.0,1088.0,0.0,2.4072766395694924,1.298367977142334,7.170061417855326,12.45114195626229,2108
19,2,0,0,1,2116.1290322580644,2135.0,21.0,6178.0,1127.0,3178.0,0.0,0.033555489893229,0.027004978619515896,0.04958154167979956,0.06360304541885853,2108
19,2,1,0,1,175.16413662239088,45.0,21.0,2120.0,43.0,1076.7999999999997,0.0,0.961249081964637,0.4828158998861909,2.559481421485545,5.015116999857128,2108
19,2,5,0,1,147.46442125237192,45.0,21.0,2083.0,43.0,121.19999999999982,0.0,2.195456444810168,0.9108990198001266,6.997749395668507,12.000110000371933,2108
19,2,8,0,1,147.46442125237192,45.0,21.0,2083.0,43.0,121.19999999999982,0.0,2.5227018363666494,1.3503090012818575,7.533015240915122,12.824228033423424,2108
19,3,0,0,1,1918.785578747628,2135.0,21.0,5215.0,1101.0,2178.0,0.0,0.03389955796234283,0.026885070838034153,0.049482984468340874,0.5276140291243792,2108
19,3,1,0,1,111.23576850094877,45.0,21.0,2120.0,43.0,95.0,0.0,1.0003610663641453,0.4946900298818946,2.7308777440339336,5.3375320276245475,2108
19,3,5,0,1,82.69259962049335,45.0,21.0,2059.0,43.0,90.0,0.0,2.2693150353954494,0.9225159883499146,7.180172833614052,12.876068940386176,2108
19,3,8,0,1,82.69259962049335,45.0,21.0,2059.0,43.0,90.0,0.0,2.551064164252529,1.364181051030755,7.608253206126393,13.881047023460269,2108
19,4,0,0,1,142.2201138519924,135.0,21.0,222.0,127.0,178.0,0.0,0.03413189024220602,0.027055037207901478,0.049856025725603104,0.48092601355165243,2108
19,4,1,0,1,60.37286527514232,45.0,21.0,170.0,43.0,109.0,0.0,0.9729103463347487,0.4976879572495818,2.6104961289092903,5.322022014297545,2108
19,4,5,0,1,57.83965844402277,45.0,21.0,170.0,43.0,91.0,0.0,2.21836188107076,0.912424991838634,7.1387848118320125,12.633500969968736,2108
19,4,8,0,1,57.83965844402277,45.0,21.0,170.0,43.0,91.0,0.0,2.535158145131872,1.2854979140684009,7.6157359872013375,14.184531988576055,2108
23,1,0,0,1,5228.557874762809,5135.0,3021.0,6222.0,5111.0,6178.0,0.0,0.03383216397257663,0.02741999924182892,0.05036483053117991,0.061747035942971706,2108
23,1,1,0,1,261.0132827324478,45.0,21.0,2163.0,43.0,1112.0,0.0,0.9177571863029935,0.26217103004455566,2.479696087539198,5.048413062468171,2108
23,1,5,0,1,261.0132827324478,45.0,21.0,2163.0,43.0,1112.0,0.0,2.1533882752729476,0.8993879891932011,6.711028469726443,12.355006067082286,2108
23,1,8,0,1,261.0132827324478,45.0,21.0,2163.0,43.0,1112.0,0.0,2.46188986715542,1.3187630102038383,7.285527628846471,12.853184947744012,2108
23,2,0,0,1,2116.1290322580644,2135.0,21.0,6178.0,1127.0,3178.0,0.0,0.03384048396459862,0.02738193143159151,0.050349370576441295,0.08707493543624878,2108
23,2,1,0,1,177.27703984819735,45.0,21.0,2122.0,43.0,161.0,0.0,1.0204391867327107,0.515718013048172,2.6772399898618464,5.390257923863828,2108
23,2,5,0,1,148.32590132827323,45.0,21.0,2102.0,43.0,133.0,0.0,2.2749157537485942,0.9203050285577774,7.153769256547097,13.036172022111714,2108
23,2,8,0,1,148.32590132827323,45.0,21.0,2102.0,43.0,133.0,0.0,2.5842979510950923,1.3375359121710062,7.715938170440496,13.439149013720453,2108
23,3,0,0,1,1918.785578747628,2135.0,21.0,5215.0,1101.0,2178.0,0.0,0.033553595943119276,0.026916968636214733,0.04984983243048191,0.12086506467312574,2108
23,3,1,0,1,104.34297912713473,45.0,21.0,2083.0,43.0,104.0,0.0,1.0283413541023614,0.518523040227592,2.7095410041511077,5.437548970803618,2108
23,3,5,0,1,99.77703984819735,45.0,21.0,2059.0,43.0,95.0,0.0,2.261839821288476,0.9192780125886202,7.1428016293793934,13.065346982330084,2108
23,3,8,0,1,99.77703984819735,45.0,21.0,2059.0,43.0,95.0,0.0,2.5764909621254324,1.3636440271511674,7.660493208095441,13.725496944971383,2108
23,4,0,0,1,142.2201138519924,135.0,21.0,222.0,127.0,178.0,0.0,0.03348639327697322,0.02691592089831829,0.04946840927004815,0.13541302178055048,2108
23,4,1,0,1,58.52229601518027,45.0,21.0,170.0,43.0,94.0,0.0,1.024187325599457,0.5318000912666321,2.734213415533304,5.661831935867667,2108
23,4,5,0,1,56.646584440227706,45.0,21.0,170.0,43.0,91.0,0.0,2.2760303471615315,0.9322080295532942,7.304076151922347,13.462904025800526,2108
23,4,8,0,1,56.646584440227706,45.0,21.0,170.0,43.0,91.0,0.0,2.5686204790094105,1.3209780445322394,7.615899946540594,14.561939984560013,2108
