instrument,file,note,midi,expected_hz,detected_hz,cent_offset,warning
B- CLARINET,CLARBB A#3-f.aif,A#3,58,233.082,234.063,7.28,
B- CLARINET,CLARBB A#3.aif,A#3,58,233.082,234.063,7.28,
B- CLARINET,CLARBB A#4-f.aif,A#4,70,466.164,466.473,1.15,
B- CLARINET,CLARBB A#4.aif,A#4,70,466.164,466.473,1.15,
B- CLARINET,CLARBB A#5-f.aif,A#5,82,932.328,933.539,2.25,
B- CLARINET,CLARBB A#5.aif,A#5,82,932.328,933.539,2.25,
B- CLARINET,CLARBB C4-f.aif,C4,60,261.626,261.911,1.89,
B- CLARINET,CLARBB C4.aif,C4,60,261.626,261.913,1.9,
B- CLARINET,CLARBB C5-f.aif,C5,72,523.251,524.471,4.03,
B- CLARINET,CLARBB C5.aif,C5,72,523.251,524.471,4.03,
B- CLARINET,CLARBB C6-f.aif,C6,84,1046.502,1047.996,2.47,
B- CLARINET,CLARBB C6.aif,C6,84,1046.502,1047.996,2.47,
B- CLARINET,CLARBB D3-f.aif,D3,50,146.832,146.893,0.71,
B- CLARINET,CLARBB D3.aif,D3,50,146.832,146.893,0.71,
B- CLARINET,CLARBB D5-f.aif,D5,74,587.33,587.673,1.01,
B- CLARINET,CLARBB D5.aif,D5,74,587.33,587.673,1.01,
B- CLARINET,CLARBB D6-f.aif,D6,86,1174.659,1175.368,1.04,
B- CLARINET,CLARBB D6.aif,D6,86,1174.659,1175.368,1.04,
B- CLARINET,CLARBB E3-f.aif,E3,52,164.814,165.311,5.22,
B- CLARINET,CLARBB E3.aif,E3,52,164.814,165.311,5.22,
B- CLARINET,CLARBB E4-f.aif,E4,64,329.628,330.524,4.7,
B- CLARINET,CLARBB E4.aif,E4,64,329.628,330.524,4.7,
B- CLARINET,CLARBB E5-f.aif,E5,76,659.255,660.794,4.04,
B- CLARINET,CLARBB E5.aif,E5,76,659.255,660.794,4.04,
B- CLARINET,CLARBB F#3-f.aif,F#3,54,184.997,185.144,1.38,
B- CLARINET,CLARBB F#3.aif,F#3,54,184.997,185.144,1.38,
B- CLARINET,CLARBB F#4-f.aif,F#4,66,369.994,370.22,1.06,
B- CLARINET,CLARBB F#4.aif,F#4,66,369.994,370.22,1.06,
B- CLARINET,CLARBB F#5-f.aif,F#5,78,739.989,742.021,4.75,
B- CLARINET,CLARBB F#5.aif,F#5,78,739.989,742.021,4.75,
B- CLARINET,CLARBB G#3-f.aif,G#3,56,207.652,207.607,-0.38,
B- CLARINET,CLARBB G#3.aif,G#3,56,207.652,207.607,-0.38,
B- CLARINET,CLARBB G#4-f.aif,G#4,68,415.305,415.797,2.05,
B- CLARINET,CLARBB G#4.aif,G#4,68,415.305,415.797,2.05,
B- CLARINET,CLARBB G#5-f.aif,G#5,80,830.609,831.863,2.61,
B- CLARINET,CLARBB G#5.aif,G#5,80,830.609,831.863,2.61,
BASSOON,BASS A#2.aif,A#2,46,116.541,116.69,2.21,
BASSOON,BASS A#3.aif,A#3,58,233.082,233.284,1.5,
BASSOON,BASS C3.aif,C3,48,130.813,130.885,0.96,
BASSOON,BASS C4.aif,C4,60,261.626,261.918,1.93,
BASSOON,BASS D3.aif,D3,50,146.832,147.083,2.95,
BASSOON,BASS D4.aif,D4,62,293.665,293.754,0.53,
BASSOON,BASS E3.aif,E3,52,164.814,164.538,-2.9,
BASSOON,BASS E4.aif,E4,64,329.628,329.713,0.45,
BASSOON,BASS F#3.aif,F#3,54,184.997,184.922,-0.7,
BASSOON,BASS G#3.aif,G#3,56,207.652,206.993,-5.51,
BASSOON,BASSOON A#1.aif,A#1,34,58.27,116.868,4.85,NOTE: detected at 2x harmonic — divided down
BASSOON,BASSOON C2.aif,C2,36,65.406,65.682,7.27,
BASSOON,BASSOON D2.aif,D2,38,73.416,73.908,11.57,
BASSOON,BASSOON E2.aif,E2,40,82.407,165.035,2.32,NOTE: detected at 2x harmonic — divided down
BASSOON,BASSOON F#2.aif,F#2,42,92.499,92.41,-1.66,
BASSOON,BASSOON G#2.aif,G#2,44,103.826,104.12,4.9,
CELLO PIZZ,P CELLOA2.aif,A2,45,110.0,109.592,-6.44,
CELLO PIZZ,P CELLOB3.aif,B3,59,246.942,248.032,7.62,
CELLO PIZZ,P CELLOB4.aif,B4,71,493.883,97.561,-2807.75,
CELLO PIZZ,P CELLOC#3.aif,C#3,49,138.591,139.501,11.33,
CELLO PIZZ,P CELLOC2.aif,C2,36,65.406,65.913,13.35,
CELLO PIZZ,P CELLOC4.aif,C4,60,261.626,261.753,0.84,
CELLO PIZZ,P CELLOD5.aif,D5,74,587.33,65.204,-3805.37,
CELLO PIZZ,P CELLOE2.aif,E2,40,82.407,84.758,48.71,
CELLO PIZZ,P CELLOE3.aif,E3,52,164.814,164.867,0.56,
CELLO PIZZ,P CELLOE4.aif,E4,64,329.628,331.082,7.62,
CELLO PIZZ,P CELLOF#3.aif,F#3,54,184.997,184.723,-2.57,
CELLO PIZZ,P CELLOF#4.aif,F#4,66,369.994,371.487,6.97,
CELLO PIZZ,P CELLOG#3.aif,G#3,56,207.652,61.868,-2096.29,
CELLO PIZZ,P CELLOG#4.aif,G#4,68,415.305,97.702,-2505.25,
CELLO W-VIB,CELLOV A2.aif,A2,45,110.0,109.957,-0.67,
CELLO W-VIB,CELLOV A3.aif,A3,57,220.0,218.651,-10.65,
CELLO W-VIB,CELLOV A4.aif,A4,69,440.0,439.402,-2.36,
CELLO W-VIB,CELLOV B2.aif,B2,47,123.471,123.184,-4.02,
CELLO W-VIB,CELLOV B3.aif,B3,59,246.942,246.273,-4.69,
CELLO W-VIB,CELLOV B4.aif,B4,71,493.883,493.289,-2.08,
CELLO W-VIB,CELLOV C#2.aif,C#2,37,69.296,69.345,1.24,
CELLO W-VIB,CELLOV C#3.aif,C#3,49,138.591,138.499,-1.15,
CELLO W-VIB,CELLOV C#4.aif,C#4,61,277.183,275.853,-8.33,
CELLO W-VIB,CELLOV C#5.aif,C#5,73,554.365,558.912,14.14,
CELLO W-VIB,CELLOV D#2.aif,D#2,39,77.782,77.889,2.39,
CELLO W-VIB,CELLOV D#3.aif,D#3,51,155.563,155.816,2.81,
CELLO W-VIB,CELLOV D#4.aif,D#4,63,311.127,309.615,-8.44,
CELLO W-VIB,CELLOV D#5.aif,D#5,75,622.254,609.741,-35.17,
CELLO W-VIB,CELLOV F2.aif,F2,41,87.307,87.313,0.13,
CELLO W-VIB,CELLOV F3.aif,F3,53,174.614,174.301,-3.1,
CELLO W-VIB,CELLOV F4.aif,F4,65,349.228,348.134,-5.43,
CELLO W-VIB,CELLOV G2.aif,G2,43,97.999,98.021,0.39,
CELLO W-VIB,CELLOV G3.aif,G3,55,195.998,195.626,-3.29,
CELLO W-VIB,CELLOV G4.aif,G4,67,391.995,391.106,-3.93,
CELLOMARTELE,CELLO M A#2.aif,A#2,46,116.541,116.008,-7.94,
CELLOMARTELE,CELLO M A#3.aif,A#3,58,233.082,233.171,0.66,
CELLOMARTELE,CELLO M A#4.aif,A#4,70,466.164,461.798,-16.29,
CELLOMARTELE,CELLO M C2.aif,C2,36,65.406,66.844,37.64,
CELLOMARTELE,CELLO M C3.aif,C3,48,130.813,131.449,8.39,
CELLOMARTELE,CELLO M C4.aif,C4,60,261.626,250.985,-71.88,
CELLOMARTELE,CELLO M C5.aif,C5,72,523.251,527.718,14.72,
CELLOMARTELE,CELLO M D2.aif,D2,38,73.416,73.685,6.32,
CELLOMARTELE,CELLO M D3.aif,D3,50,146.832,145.998,-9.86,
CELLOMARTELE,CELLO M D4.aif,D4,62,293.665,289.461,-24.96,
CELLOMARTELE,CELLO M D5.aif,D5,74,587.33,591.297,11.66,
CELLOMARTELE,CELLO M E2.aif,E2,40,82.407,82.393,-0.29,
CELLOMARTELE,CELLO M E3.aif,E3,52,164.814,163.974,-8.84,
CELLOMARTELE,CELLO M E4.aif,E4,64,329.628,328.687,-4.95,
CELLOMARTELE,CELLO M F#2.aif,F#2,42,92.499,92.342,-2.94,
CELLOMARTELE,CELLO M F#3.aif,F#3,54,184.997,184.782,-2.02,
CELLOMARTELE,CELLO M F#4.aif,F#4,66,369.994,368.121,-8.79,
CELLOMARTELE,CELLO M G#2.aif,G#2,44,103.826,103.28,-9.12,
CELLOMARTELE,CELLO M G#3.aif,G#3,56,207.652,207.276,-3.14,
CELLOMARTELE,CELLO M G#4.aif,G#4,68,415.305,421.078,23.9,
FLUTE NO-VIB,FLUTENV A4.aif,A4,69,440.0,879.094,-1.78,NOTE: detected at 2x harmonic — divided down
FLUTE NO-VIB,FLUTENV A5.aif,A5,81,880.0,1764.267,4.19,NOTE: detected at 2x harmonic — divided down
FLUTE NO-VIB,FLUTENV B4.aif,B4,71,493.883,991.935,7.29,NOTE: detected at 2x harmonic — divided down
FLUTE NO-VIB,FLUTENV B5.aif,B5,83,987.767,1983.217,6.72,NOTE: detected at 2x harmonic — divided down
FLUTE NO-VIB,FLUTENV C3.aif,C3,48,130.813,261.356,-1.79,NOTE: detected at 2x harmonic — divided down
FLUTE NO-VIB,FLUTENV C4.aif,C4,60,261.626,529.15,19.41,NOTE: detected at 2x harmonic — divided down
FLUTE NO-VIB,FLUTENV C6.aif,C6,84,1046.502,2119.541,21.81,NOTE: detected at 2x harmonic — divided down
FLUTE NO-VIB,FLUTENV D3.aif,D3,50,146.832,292.301,-8.06,NOTE: detected at 2x harmonic — divided down
FLUTE NO-VIB,FLUTENV E4.aif,E4,64,329.628,660.318,2.79,NOTE: detected at 2x harmonic — divided down
FLUTE NO-VIB,FLUTENV F5.aif,F5,77,698.456,1402.272,6.63,NOTE: detected at 2x harmonic — divided down
FLUTE NO-VIB,FLUTENV G5.aif,G5,79,783.991,1573.513,6.1,NOTE: detected at 2x harmonic — divided down
FLUTE NO-VIB,FLUTENVA#3.aif,A#3,58,233.082,469.281,11.54,NOTE: detected at 2x harmonic — divided down
FLUTE NO-VIB,FLUTENVC#5.aif,C#5,73,554.365,1113.574,7.55,NOTE: detected at 2x harmonic — divided down
FLUTE NO-VIB,FLUTENVD#5.aif,D#5,75,622.254,1249.057,6.32,NOTE: detected at 2x harmonic — divided down
FLUTE NO-VIB,FLUTENVF#3.aif,F#3,54,184.997,372.156,10.09,NOTE: detected at 2x harmonic — divided down
FRENCH HORN,F.HORN A#2.aif,A#2,46,116.541,116.875,4.95,
FRENCH HORN,F.HORN A#3.aif,A#3,58,233.082,231.903,-8.77,
FRENCH HORN,F.HORN A#4.aif,A#4,70,466.164,464.569,-5.93,
FRENCH HORN,F.HORN C3.aif,C3,48,130.813,130.261,-7.32,
FRENCH HORN,F.HORN C4.aif,C4,60,261.626,260.907,-4.76,
FRENCH HORN,F.HORN C5.aif,C5,72,523.251,523.577,1.08,
FRENCH HORN,F.HORN D2.aif,D2,38,73.416,146.946,1.33,NOTE: detected at 2x harmonic — divided down
FRENCH HORN,F.HORN D3.aif,D3,50,146.832,146.461,-4.39,
FRENCH HORN,F.HORN D4.aif,D4,62,293.665,293.805,0.83,
FRENCH HORN,F.HORN D5-f.aif,D5,74,587.33,588.501,3.45,
FRENCH HORN,F.HORN D5.aif,D5,74,587.33,588.501,3.45,
FRENCH HORN,F.HORN E2.aif,E2,40,82.407,164.661,-1.6,NOTE: detected at 2x harmonic — divided down
FRENCH HORN,F.HORN E3.aif,E3,52,164.814,166.021,12.63,
FRENCH HORN,F.HORN E4.aif,E4,64,329.628,330.032,2.12,
FRENCH HORN,F.HORN F#2.aif,F#2,42,92.499,185.358,3.37,NOTE: detected at 2x harmonic — divided down
FRENCH HORN,F.HORN F#3.aif,F#3,54,184.997,184.906,-0.85,
FRENCH HORN,F.HORN F#4.aif,F#4,66,369.994,368.535,-6.84,
FRENCH HORN,F.HORN G#2.aif,G#2,44,103.826,205.913,-14.56,NOTE: detected at 2x harmonic — divided down
FRENCH HORN,F.HORN G#3.aif,G#3,56,207.652,206.934,-6.0,
FRENCH HORN,F.HORN G#4.aif,G#4,68,415.305,413.774,-6.39,
FingerP,A1.wav,A1,33,55.0,55.211,6.64,
FingerP,A2.wav,A2,45,110.0,110.348,5.47,
FingerP,A3.wav,A3,57,220.0,220.442,3.47,
FingerP,A5.wav,A5,81,880.0,5051.351,1825.31,NOTE: detected at 2x harmonic — divided down
FingerP,C1.wav,C1,24,32.703,65.736,8.7,NOTE: detected at 2x harmonic — divided down
FingerP,C2.wav,C2,36,65.406,65.922,13.59,
FingerP,C3.wav,C3,48,130.813,132.132,17.37,
FingerP,C4.wav,C4,60,261.626,264.969,21.98,
FingerP,C5.wav,C5,72,523.251,4651.835,2582.67,NOTE: detected at 2x harmonic — divided down
FingerP,C6.wav,C6,84,1046.502,4996.188,1506.3,NOTE: detected at 2x harmonic — divided down
FingerP,D2.wav,D2,38,73.416,74.288,20.43,
FingerP,D3.wav,D3,50,146.832,148.296,17.17,
FingerP,D4.wav,D4,62,293.665,297.413,21.95,
FingerP,D5.wav,D5,74,587.33,598.756,33.36,
FingerP,E1.wav,E1,28,41.203,41.361,6.62,
FingerP,E3.wav,E3,52,164.814,166.734,20.05,
FingerP,E4.wav,E4,64,329.628,330.864,6.48,
FingerP,F2.wav,F2,41,87.307,87.939,12.48,
FingerP,F4.wav,F4,65,349.228,353.624,21.66,
FingerP,F5.wav,F5,77,698.456,5152.854,2259.76,NOTE: detected at 2x harmonic — divided down
FingerP,G1.wav,G1,31,48.999,49.517,18.18,
FingerP,G2.wav,G2,43,97.999,98.889,15.66,
FingerP,G3.wav,G3,55,195.998,198.763,24.26,
FingerP,G4.wav,G4,67,391.995,399.467,32.69,
FingerP,G5.wav,G5,79,783.991,4900.313,1972.76,NOTE: detected at 2x harmonic — divided down
HARP,HARP A#2.aif,A#2,46,116.541,117.359,12.1,
HARP,HARP A#3.aif,A#3,58,233.082,232.497,-4.35,
HARP,HARP B1.aif,B1,35,61.735,61.78,1.25,
HARP,HARP C#1.aif,C#1,25,34.648,68.303,-24.98,NOTE: detected at 2x harmonic — divided down
HARP,HARP C#4.aif,C#4,61,277.183,279.272,13.0,
HARP,HARP C5.aif,C5,72,523.251,524.455,3.98,
HARP,HARP D#1.aif,D#1,27,38.891,76.292,-33.48,NOTE: detected at 2x harmonic — divided down
HARP,HARP D#2.aif,D#2,39,77.782,77.747,-0.77,
HARP,HARP D#6.aif,D#6,87,1244.508,42.795,-5834.38,
HARP,HARP E3.aif,E3,52,164.814,163.741,-11.3,
HARP,HARP E4.aif,E4,64,329.628,330.261,3.32,
HARP,HARP F1.aif,F1,29,43.654,43.263,-15.58,
HARP,HARP F2.aif,F2,41,87.307,87.171,-2.69,
HARP,HARP G#1.aif,G#1,32,51.913,51.941,0.94,
HARP,HARP G#4.aif,G#4,68,415.305,413.796,-6.3,
HARP,HARP G3.aif,G3,55,195.998,196.092,0.83,
HARP,HARP G5.aif,G5,79,783.991,40.609,-5125.18,
HARP,HARP G6.aif,G6,91,1567.982,40.818,-6316.28,
MARIMBA,MARIMBA B2-f.aif,B2,47,123.471,124.016,7.63,
MARIMBA,MARIMBA B2.aif,B2,47,123.471,124.015,7.61,
MARIMBA,MARIMBA B3-f.aif,B3,59,246.942,248.011,7.48,
MARIMBA,MARIMBA B3.aif,B3,59,246.942,248.01,7.48,
MARIMBA,MARIMBA B4-f.aif,B4,71,493.883,122.548,-2412.98,
MARIMBA,MARIMBA B4.aif,B4,71,493.883,122.587,-2412.43,
MARIMBA,MARIMBA B6-f.aif,B6,95,1975.533,3967.33,7.11,NOTE: detected at 2x harmonic — divided down
MARIMBA,MARIMBA B6.aif,B6,95,1975.533,3967.203,7.06,NOTE: detected at 2x harmonic — divided down
MARIMBA,MARIMBA C6-f.aif,C6,84,1046.502,4204.028,1207.44,NOTE: detected at 2x harmonic — divided down
MARIMBA,MARIMBA C6.aif,C6,84,1046.502,4203.754,1207.32,NOTE: detected at 2x harmonic — divided down
MARIMBA,MARIMBA D3-f.aif,D3,50,146.832,147.794,11.3,
MARIMBA,MARIMBA D3.aif,D3,50,146.832,147.793,11.29,
MARIMBA,MARIMBA D4-f.aif,D4,62,293.665,294.541,5.16,
MARIMBA,MARIMBA D4.aif,D4,62,293.665,294.541,5.16,
MARIMBA,MARIMBA D5-f.aif,D5,74,587.33,4124.0,2174.16,NOTE: detected at 2x harmonic — divided down
MARIMBA,MARIMBA D5.aif,D5,74,587.33,4124.059,2174.19,NOTE: detected at 2x harmonic — divided down
MARIMBA,MARIMBA D6-f.aif,D6,86,1174.659,4720.663,1208.1,NOTE: detected at 2x harmonic — divided down
MARIMBA,MARIMBA D6.aif,D6,86,1174.659,4720.526,1208.05,NOTE: detected at 2x harmonic — divided down
MARIMBA,MARIMBA F2.aif,F2,41,87.307,87.726,8.28,
MARIMBA,MARIMBA F4-f.aif,F4,65,349.228,85.365,-2438.95,
MARIMBA,MARIMBA F4.aif,F4,65,349.228,85.398,-2438.28,
MARIMBA,MARIMBA F5-f.aif,F5,77,698.456,4198.719,1905.25,NOTE: detected at 2x harmonic — divided down
MARIMBA,MARIMBA F5.aif,F5,77,698.456,4198.687,1905.24,NOTE: detected at 2x harmonic — divided down
MARIMBA,MARIMBA F6-f.aif,F6,89,1396.913,4206.94,708.64,NOTE: detected at 2x harmonic — divided down
MARIMBA,MARIMBA F6.aif,F6,89,1396.913,4206.771,708.57,NOTE: detected at 2x harmonic — divided down
MARIMBA,MARIMBAG#2.aif,G#2,44,103.826,104.145,5.31,
MARIMBA,MARIMBAG#3-f.aif,G#3,56,207.652,208.493,6.99,
MARIMBA,MARIMBAG#3.aif,G#3,56,207.652,208.492,6.98,
MARIMBA,MARIMBAG#4-f.aif,G#4,68,415.305,83.64,-2774.29,
MARIMBA,MARIMBAG#4.aif,G#4,68,415.305,83.635,-2774.39,
MARIMBA,MARIMBAG#5.aif,G#5,80,830.609,4994.747,1905.8,NOTE: detected at 2x harmonic — divided down
MARIMBA,MARIMBAG#6.aif,G#6,92,1661.219,5007.642,710.27,NOTE: detected at 2x harmonic — divided down
OBOE,OBOE A#3-f.aif,A#3,58,233.082,231.447,-12.19,
OBOE,OBOE A#4-f.aif,A#4,70,466.164,463.972,-8.16,
OBOE,OBOE A#5-f.aif,A#5,82,932.328,933.439,2.06,
OBOE,OBOE C4.aif,C4,60,261.626,262.241,4.07,
OBOE,OBOE C5-f.aif,C5,72,523.251,521.166,-6.91,
OBOE,OBOE C6-f.aif,C6,84,1046.502,1054.984,13.97,
OBOE,OBOE D4-f.aif,D4,62,293.665,294.654,5.82,
OBOE,OBOE D5-f.aif,D5,74,587.33,592.312,14.62,
OBOE,OBOE D6-f.aif,D6,86,1174.659,1183.068,12.35,
OBOE,OBOE E4-f.aif,E4,64,329.628,331.007,7.23,
OBOE,OBOE E5.aif,E5,76,659.255,662.404,8.25,
OBOE,OBOE E6-f.aif,E6,88,1318.51,1335.531,22.21,
OBOE,OBOE F#4.aif,F#4,66,369.994,371.826,8.55,
OBOE,OBOE G#4-f.aif,G#4,68,415.305,417.707,9.99,
OBOE,OBOE G#5.aif,G#5,80,830.609,832.893,4.75,
TROMBONE-TNR,TNRBONEA#2.aif,A#2,46,116.541,233.0,-0.61,NOTE: detected at 2x harmonic — divided down
TROMBONE-TNR,TNRBONEA#3.aif,A#3,58,233.082,231.885,-8.91,
TROMBONE-TNR,TNRBONEA#4.aif,A#4,70,466.164,464.603,-5.81,
TROMBONE-TNR,TNRBONEC#3.aif,C#3,49,138.591,276.57,-3.83,NOTE: detected at 2x harmonic — divided down
TROMBONE-TNR,TNRBONEC#4.aif,C#4,61,277.183,278.178,6.21,
TROMBONE-TNR,TNRBONEC#5.aif,C#5,73,554.365,553.571,-2.48,
TROMBONE-TNR,TNRBONEE2.aif,E2,40,82.407,246.616,697.72,NOTE: detected at 2x harmonic — divided down
TROMBONE-TNR,TNRBONEE3.aif,E3,52,164.814,164.159,-6.89,
TROMBONE-TNR,TNRBONEE4.aif,E4,64,329.628,330.548,4.83,
TROMBONE-TNR,TNRBONEG2.aif,G2,43,97.999,195.178,-7.25,NOTE: detected at 2x harmonic — divided down
TROMBONE-TNR,TNRBONEG3.aif,G3,55,195.998,195.946,-0.46,
TROMBONE-TNR,TNRBONEG4.aif,G4,67,391.995,392.752,3.34,
TRUMPET-C,TRUMPETC A#3.aif,A#3,58,233.082,233.746,4.92,
TRUMPET-C,TRUMPETC A#4.aif,A#4,70,466.164,465.961,-0.75,
TRUMPET-C,TRUMPETC A#5.aif,A#5,82,932.328,932.314,-0.03,
TRUMPET-C,TRUMPETC F#3.aif,F#3,54,184.997,370.392,1.86,NOTE: detected at 2x harmonic — divided down
TRUMPET-C,TRUMPETC F#4.aif,F#4,66,369.994,370.416,1.97,
TRUMPET-C,TRUMPETC F#5.aif,F#5,78,739.989,738.492,-3.51,
TRUMPET-C,TRUMPETC G#3.aif,G#3,56,207.652,207.226,-3.56,
TRUMPET-C,TRUMPETC G#4.aif,G#4,68,415.305,416.063,3.16,
TRUMPET-C,TRUMPETC G#5.aif,G#5,80,830.609,833.398,5.8,
TRUMPET-C,TRUMPETCC4.aif,C4,60,261.626,525.649,7.92,NOTE: detected at 2x harmonic — divided down
TRUMPET-C,TRUMPETCC5.aif,C5,72,523.251,523.331,0.26,
TRUMPET-C,TRUMPETCC6.aif,C6,84,1046.502,1045.085,-2.35,
TRUMPET-C,TRUMPETCD4.aif,D4,62,293.665,291.972,-10.01,
TRUMPET-C,TRUMPETCD5.aif,D5,74,587.33,587.503,0.51,
TRUMPET-C,TRUMPETCD6.aif,D6,86,1174.659,1170.629,-5.95,
TRUMPET-C,TRUMPETCE4.aif,E4,64,329.628,328.76,-4.56,
TRUMPET-C,TRUMPETCE5.aif,E5,76,659.255,659.511,0.67,
TUBA,TUBA A2.aif,A2,45,110.0,110.105,1.66,
TUBA,TUBA A3.aif,A3,57,220.0,220.305,2.4,
TUBA,TUBA B2.aif,B2,47,123.471,123.784,4.38,
TUBA,TUBA B3.aif,B3,59,246.942,247.413,3.3,
TUBA,TUBA C#3.aif,C#3,49,138.591,138.686,1.18,
TUBA,TUBA C#4.aif,C#4,61,277.183,277.268,0.54,
TUBA,TUBA C2.aif,C2,36,65.406,65.645,6.31,
TUBA,TUBA D#3.aif,D#3,51,155.563,154.985,-6.45,
TUBA,TUBA D#4.aif,D#4,63,311.127,311.696,3.16,
TUBA,TUBA D2.aif,D2,38,73.416,73.501,2.0,
TUBA,TUBA F2.aif,F2,41,87.307,87.53,4.41,
TUBA,TUBA F3.aif,F3,53,174.614,174.739,1.23,
TUBA,TUBA F4.aif,F4,65,349.228,350.003,3.84,
TUBA,TUBA G2.aif,G2,43,97.999,97.993,-0.11,
TUBA,TUBA G3.aif,G3,55,195.998,196.117,1.06,
TUBA,TUBA G4.aif,G4,67,391.995,393.322,5.85,
VIBRAPHONE,VIBES A#5.aif,A#5,82,932.328,935.085,5.11,
VIBRAPHONE,VIBES A3.aif,A3,57,220.0,220.745,5.85,
VIBRAPHONE,VIBES A4.aif,A4,69,440.0,441.012,3.98,
VIBRAPHONE,VIBES C#4.aif,C#4,61,277.183,278.187,6.26,
VIBRAPHONE,VIBES C#6.aif,C#6,85,1108.731,1112.961,6.59,
VIBRAPHONE,VIBES C5.aif,C5,72,523.251,524.388,3.76,
VIBRAPHONE,VIBES D#4.aif,D#4,63,311.127,312.144,5.65,
VIBRAPHONE,VIBES D#5.aif,D#5,75,622.254,623.803,4.3,
VIBRAPHONE,VIBES F#4.aif,F#4,66,369.994,371.0,4.7,
VIBRAPHONE,VIBES F#5.aif,F#5,78,739.989,742.043,4.8,
VIBRAPHONE,VIBES F3.aif,F3,53,174.614,175.204,5.84,
VIBRAPHONE,VIBES F6.aif,F6,89,1396.913,1402.061,6.37,
VIOLA W-VIB,VIOLAV A#3.aif,A#3,58,233.082,231.312,-13.2,
VIOLA W-VIB,VIOLAV A#4.aif,A#4,70,466.164,465.882,-1.05,
VIOLA W-VIB,VIOLAV A5.aif,A5,81,880.0,879.425,-1.13,
VIOLA W-VIB,VIOLAV B5.aif,B5,83,987.767,984.46,-5.81,
VIOLA W-VIB,VIOLAV C#3.aif,C#3,49,138.591,137.49,-13.81,
VIOLA W-VIB,VIOLAV C#6.aif,C#6,85,1108.731,1105.785,-4.61,
VIOLA W-VIB,VIOLAV C4.aif,C4,60,261.626,260.168,-9.67,
VIOLA W-VIB,VIOLAV C5.aif,C5,72,523.251,522.74,-1.69,
VIOLA W-VIB,VIOLAV D#5.aif,D#5,75,622.254,655.72,90.69,
VIOLA W-VIB,VIOLAV D3.aif,D3,50,146.832,144.637,-26.08,
VIOLA W-VIB,VIOLAV D4.aif,D4,62,293.665,293.143,-3.08,
VIOLA W-VIB,VIOLAV E3.aif,E3,52,164.814,161.743,-32.56,
VIOLA W-VIB,VIOLAV E4.aif,E4,64,329.628,326.31,-17.51,
VIOLA W-VIB,VIOLAV F#3.aif,F#3,54,184.997,183.562,-13.48,
VIOLA W-VIB,VIOLAV F#4.aif,F#4,66,369.994,361.634,-39.57,
VIOLA W-VIB,VIOLAV F#5.aif,F#5,78,739.989,745.671,13.24,
VIOLA W-VIB,VIOLAV G#3.aif,G#3,56,207.652,204.603,-25.62,
VIOLA W-VIB,VIOLAV G#4.aif,G#4,68,415.305,414.168,-4.75,
VIOLA-MARTEL,VIOLAMA#5.aif,A#5,82,932.328,4920.736,1679.96,NOTE: detected at 2x harmonic — divided down
VIOLA-MARTEL,VIOLAMA3.aif,A3,57,220.0,237.191,130.26,
VIOLA-MARTEL,VIOLAMA4.aif,A4,69,440.0,442.211,8.68,
VIOLA-MARTEL,VIOLAMB4.aif,B4,71,493.883,293.645,-900.11,
VIOLA-MARTEL,VIOLAMC#5.aif,C#5,73,554.365,65.183,-3705.92,
VIOLA-MARTEL,VIOLAMC3.aif,C3,48,130.813,130.021,-10.51,
VIOLA-MARTEL,VIOLAMC4.aif,C4,60,261.626,261.391,-1.55,
VIOLA-MARTEL,VIOLAMC6.aif,C6,84,1046.502,4926.896,1482.12,NOTE: detected at 2x harmonic — divided down
VIOLA-MARTEL,VIOLAMD#5.aif,D#5,75,622.254,611.15,-31.17,
VIOLA-MARTEL,VIOLAMD3.aif,D3,50,146.832,145.071,-20.89,
VIOLA-MARTEL,VIOLAMD4.aif,D4,62,293.665,293.334,-1.95,
VIOLA-MARTEL,VIOLAME3.aif,E3,52,164.814,163.585,-12.95,
VIOLA-MARTEL,VIOLAME4.aif,E4,64,329.628,323.37,-33.18,
VIOLA-MARTEL,VIOLAMF#3.aif,F#3,54,184.997,182.361,-24.85,
VIOLA-MARTEL,VIOLAMF#4.aif,F#4,66,369.994,364.051,-28.04,
VIOLA-MARTEL,VIOLAMG#5.aif,G#5,80,830.609,4926.309,1881.92,NOTE: detected at 2x harmonic — divided down
VIOLA-PIZZ,VIOLAPZA3.aif,A3,57,220.0,56.618,-2349.82,
VIOLA-PIZZ,VIOLAPZA4.aif,A4,69,440.0,441.479,5.81,
VIOLA-PIZZ,VIOLAPZA5.aif,A5,81,880.0,63.698,-4545.83,
VIOLA-PIZZ,VIOLAPZC3.aif,C3,48,130.813,129.848,-12.81,
VIOLA-PIZZ,VIOLAPZC5.aif,C5,72,523.251,51.25,-4022.27,
VIOLA-PIZZ,VIOLAPZD#3.aif,D#3,51,155.563,152.838,-30.6,
VIOLA-PIZZ,VIOLAPZD#4.aif,D#4,63,311.127,63.446,-2752.67,
VIOLA-PIZZ,VIOLAPZD#5.aif,D#5,75,622.254,627.035,13.25,
VIOLA-PIZZ,VIOLAPZF#3.aif,F#3,54,184.997,93.576,-1179.95,
VIOLA-PIZZ,VIOLAPZF#4.aif,F#4,66,369.994,48.703,-3510.51,
VIOLA-PIZZ,VIOLAPZF#5.aif,F#5,78,739.989,53.371,-4552.06,
VIOLIN W-VIB,VIOLINA#3.aif,A#3,58,233.082,232.625,-3.4,
VIOLIN W-VIB,VIOLINA#4.aif,A#4,70,466.164,464.253,-7.11,
VIOLIN W-VIB,VIOLINA5.aif,A5,81,880.0,875.756,-8.37,
VIOLIN W-VIB,VIOLINA6.aif,A6,93,1760.0,1741.036,-18.75,
VIOLIN W-VIB,VIOLINB5.aif,B5,83,987.767,991.159,5.93,
VIOLIN W-VIB,VIOLINC#5.aif,C#5,73,554.365,558.95,14.26,
VIOLIN W-VIB,VIOLINC#6.aif,C#6,85,1108.731,1089.419,-30.42,
VIOLIN W-VIB,VIOLINC4.aif,C4,60,261.626,261.435,-1.26,
VIOLIN W-VIB,VIOLIND#5.aif,D#5,75,622.254,629.68,20.54,
VIOLIN W-VIB,VIOLIND#6.aif,D#6,87,1244.508,1251.327,9.46,
VIOLIN W-VIB,VIOLIND4.aif,D4,62,293.665,293.758,0.55,
VIOLIN W-VIB,VIOLINE4.aif,E4,64,329.628,330.229,3.16,
VIOLIN W-VIB,VIOLINF#4.aif,F#4,66,369.994,368.551,-6.77,
VIOLIN W-VIB,VIOLINF4.aif,F4,65,349.228,348.414,-4.04,
VIOLIN W-VIB,VIOLINF5.aif,F5,77,698.456,698.413,-0.11,
VIOLIN W-VIB,VIOLINF6.aif,F6,89,1396.913,1382.175,-18.36,
VIOLIN W-VIB,VIOLING#3.aif,G#3,56,207.652,208.045,3.27,
VIOLIN W-VIB,VIOLING#4.aif,G#4,68,415.305,414.737,-2.37,
VIOLIN W-VIB,VIOLING5.aif,G5,79,783.991,786.631,5.82,
VIOLIN W-VIB,VIOLING6.aif,G6,91,1567.982,1575.702,8.5,
VIOLIN-MART,VIOLINM A3.aif,A3,57,220.0,218.459,-12.17,
VIOLIN-MART,VIOLINM A4.aif,A4,69,440.0,442.409,9.45,
VIOLIN-MART,VIOLINM A5.aif,A5,81,880.0,435.543,-1217.63,
VIOLIN-MART,VIOLINM B3.aif,B3,59,246.942,247.449,3.56,
VIOLIN-MART,VIOLINM B4.aif,B4,71,493.883,495.026,4.0,
VIOLIN-MART,VIOLINM B5.aif,B5,83,987.767,4012.682,1226.79,NOTE: detected at 2x harmonic — divided down
VIOLIN-MART,VIOLINM F4.aif,F4,65,349.228,350.624,6.91,
VIOLIN-MART,VIOLINM F5.aif,F5,77,698.456,677.116,-53.72,
VIOLIN-MART,VIOLINM G3.aif,G3,55,195.998,194.969,-9.11,
VIOLIN-MART,VIOLINM G4.aif,G4,67,391.995,390.283,-7.58,
VIOLIN-MART,VIOLINM G5.aif,G5,79,783.991,785.143,2.54,
VIOLIN-MART,VIOLINMC#4.aif,C#4,61,277.183,278.42,7.71,
VIOLIN-MART,VIOLINMC#5.aif,C#5,73,554.365,561.998,23.67,
VIOLIN-MART,VIOLINMC#6.aif,C#6,85,1108.731,4415.533,1192.41,NOTE: detected at 2x harmonic — divided down
VIOLIN-MART,VIOLINMD#4.aif,D#4,63,311.127,311.721,3.3,
VIOLIN-MART,VIOLINMD#5.aif,D#5,75,622.254,627.468,14.45,
VIOLIN-MART,VIOLINMD#6.aif,D#6,87,1244.508,3692.2,682.69,NOTE: detected at 2x harmonic — divided down
VIOLIN-PIZZ,VIOLINP A3.aif,A3,57,220.0,221.647,12.92,
VIOLIN-PIZZ,VIOLINP A4.aif,A4,69,440.0,3680.126,2477.02,NOTE: detected at 2x harmonic — divided down
VIOLIN-PIZZ,VIOLINP A5.aif,A5,81,880.0,4475.101,1615.61,NOTE: detected at 2x harmonic — divided down
VIOLIN-PIZZ,VIOLINP B3.aif,B3,59,246.942,245.829,-7.82,
VIOLIN-PIZZ,VIOLINP B4.aif,B4,71,493.883,193.375,-1623.33,
VIOLIN-PIZZ,VIOLINP B5.aif,B5,83,987.767,3659.989,1067.52,NOTE: detected at 2x harmonic — divided down
VIOLIN-PIZZ,VIOLINP F4.aif,F4,65,349.228,352.681,17.03,
VIOLIN-PIZZ,VIOLINP F5.aif,F5,77,698.456,3981.946,1813.48,NOTE: detected at 2x harmonic — divided down
VIOLIN-PIZZ,VIOLINP F6.aif,F6,89,1396.913,3685.478,479.53,NOTE: detected at 2x harmonic — divided down
VIOLIN-PIZZ,VIOLINP G3.aif,G3,55,195.998,195.297,-6.2,
VIOLIN-PIZZ,VIOLINP G4.aif,G4,67,391.995,391.195,-3.54,
VIOLIN-PIZZ,VIOLINP G5.aif,G5,79,783.991,207.638,-2300.12,
VIOLIN-PIZZ,VIOLINP G6.aif,G6,91,1567.982,3682.917,278.33,NOTE: detected at 2x harmonic — divided down
VIOLIN-PIZZ,VIOLINPC#4.aif,C#4,61,277.183,277.516,2.08,
VIOLIN-PIZZ,VIOLINPC#5.aif,C#5,73,554.365,3676.484,2075.3,NOTE: detected at 2x harmonic — divided down
VIOLIN-PIZZ,VIOLINPC#6.aif,C#6,85,1108.731,3681.235,877.54,NOTE: detected at 2x harmonic — divided down
VIOLIN-PIZZ,VIOLINPD#4.aif,D#4,63,311.127,308.796,-13.02,
VIOLIN-PIZZ,VIOLINPD#5.aif,D#5,75,622.254,602.018,-57.24,
VIOLIN-PIZZ,VIOLINPD#6.aif,D#6,87,1244.508,3690.308,681.8,NOTE: detected at 2x harmonic — divided down
XYLOPHONE,XYLO A4.aif,A4,69,440.0,443.313,12.99,
XYLOPHONE,XYLO A5.aif,A5,81,880.0,886.856,13.43,
XYLOPHONE,XYLO A6.aif,A6,93,1760.0,4444.356,403.68,NOTE: detected at 2x harmonic — divided down
XYLOPHONE,XYLO B4.aif,B4,71,493.883,497.394,12.26,
XYLOPHONE,XYLO B5.aif,B5,83,987.767,3978.943,1212.17,NOTE: detected at 2x harmonic — divided down
XYLOPHONE,XYLO B6.aif,B6,95,1975.533,3991.69,17.71,NOTE: detected at 2x harmonic — divided down
XYLOPHONE,XYLO B7.aif,B7,107,3951.066,3998.955,20.86,
XYLOPHONE,XYLO C#5.aif,C#5,73,554.365,558.372,12.47,
XYLOPHONE,XYLO C#6.aif,C#6,85,1108.731,4473.098,1214.84,NOTE: detected at 2x harmonic — divided down
XYLOPHONE,XYLO C#7.aif,C#7,97,2217.461,4482.623,18.52,NOTE: detected at 2x harmonic — divided down
XYLOPHONE,XYLO D#5.aif,D#5,75,622.254,626.983,13.11,
XYLOPHONE,XYLO D#6.aif,D#6,87,1244.508,3765.323,716.64,NOTE: detected at 2x harmonic — divided down
XYLOPHONE,XYLO F4.aif,F4,65,349.228,351.984,13.61,
XYLOPHONE,XYLO F5.aif,F5,77,698.456,703.14,11.57,
XYLOPHONE,XYLO F6.aif,F6,89,1396.913,4244.627,724.07,NOTE: detected at 2x harmonic — divided down
XYLOPHONE,XYLO F7.aif,F7,101,2793.826,2823.698,18.41,
XYLOPHONE,XYLO G#7.aif,G#7,104,3322.438,3886.667,271.55,
XYLOPHONE,XYLO G4.aif,G4,67,391.995,394.987,13.16,
XYLOPHONE,XYLO G5.aif,G5,79,783.991,789.734,12.64,
XYLOPHONE,XYLO G6.aif,G6,91,1567.982,4749.208,718.53,NOTE: detected at 2x harmonic — divided down
